track_id,track_name,artist,has_lyrics,word_count,instrumentalness,category
2ymsnxFTZt7ZvBFc5UKygf,Mean What You Say,"Thad Jones, Pepper Adams Quintet",False,0,0.9754088521003723,Instrumental
0J2lmSTQQWhTiglHDbhLWm,"Waltz No. 1, Collapse",Hikaru Shirosu,False,0,0.9749566316604614,Instrumental
1uaSioSxdN8Vvil4ZbejD8,Nakahara,Meiko N Fantasy,False,0,0.974329948425293,Instrumental
3cIKojC2JBVIno9b35MJWn,Opening Song - Merry-Go-Round of Life,Joe Hisaishi,False,0,0.9719194173812866,Instrumental
1Iy9zhPvDpvtK99twNvZUs,フルートとハープのための協奏曲 K. 299 ハ長調　第2楽章　アンダンティーノ,桑原まこ,False,0,0.9698486328125,Instrumental
39uLYYZytVUwcjgeYLI409,Merry-Go-Round of Life - from 'Howl's Moving Castle',Joe Hisaishi,False,0,0.9633058309555054,Instrumental
0NxCQL5OFodinhM1GO5dxi,Menuet,Toshifumi Hinata,False,0,0.9556506872177124,Instrumental
5LLMUx9GcRSpkOqOIBIONw,A Town with an Ocean View - from 'Kiki's Delivery Service',"Joe Hisaishi, Royal Philharmonic Orchestra",False,0,0.9556456804275513,Instrumental
7xeuY7yip6KisxF9xm26mA,Chill SQ: FINAL FANTASY IV ～Theme Of Love,Uyama Hiroto,False,0,0.9546947479248047,Instrumental
4UfRj8ikScFOs2WKzoR6En,Lone Sojourner,"Yu-Peng Chen, HOYO-MiX",False,0,0.9527356028556824,Instrumental
1zZQCz81Mr1XiiQ7SkRanG,A Journey (A Dream of Flight),Joe Hisaishi,False,0,0.946560263633728,Instrumental
1rSirOSgJ7I6OyoOIpQ5N4,Quarto de Hotel,Hareton Salvanini,False,0,0.9403384923934937,Instrumental
3gFQOMoUwlR6aUZj81gCzu,One Summer Day,Joe Hisaishi,False,0,0.9384626150131226,Instrumental
6QvVTzCv70hwn4XyRnobGi,Giant Steps - Mono,John Coltrane,False,0,0.9373979568481445,Instrumental
6IZF8hi9J6EtFDLQqOlSbu,The Flower Garden,Joe Hisaishi,False,0,0.9353668689727783,Instrumental
2AARRTXDzkW02iqwtbjRXA,Spacemountain,Uyama Hiroto,False,0,0.9328415989875793,Instrumental
7s2dWFnGSW2TyghkD6uvWb,Farewell,Erikson Jayanto,False,0,0.9314209818840027,Instrumental
2fJAgeojrusq3k2gdb9HhT,a bird's last look - slowed,skywave,False,0,0.9278974533081055,Instrumental
7ltYqAj19OBUQmLeeN433A,The Breaking of the Fellowship [In Dreams],Echoes of Old Stories,False,0,0.922605574131012,Instrumental
55Z7zcoqkibfRck7lpayJx,Tema Barroco,Agustin Pereyra Lucena,False,0,0.9223954677581787,Instrumental
36N4kYLb783FXO7yvaXGf4,Atropos,sasakure.UK,False,0,0.91921466588974,Instrumental
6uAJ0pv9VEgcziPeDKt2lC,Apollo,TJ.hangneil,False,0,0.909665048122406,Instrumental
16XQHmx665fCWkEmGHyRox,He Knows She's Good For You,Cyril Chambers,False,0,0.9033253788948059,Instrumental
6HLzRcSs5TyyI81KDpx6kI,Logical Stimulus,a_hisa,False,0,0.9005246162414551,Instrumental
4PkUrA4X9Iw7o4iIaqBkk6,Cumbialada,"Jesus Molina, Sam Smith, Nicolas Guerrero",False,0,0.9003413319587708,Instrumental
55ItYh50tubp0w8jSbr6sj,Hard-Wired,Dave Weckl,False,0,0.8978943228721619,Instrumental
7exGrqR5UbbvUvWWohUD4z,Take Five but it's Song of Storms,Imaginary Ambition,False,0,0.8978930711746216,Instrumental
233MsUetO6hWzUoYE6WTbZ,Serbian March,Joe Hisaishi,False,0,0.895955502986908,Instrumental
0ftAkkQNjX4dsQlJYIlhMm,Give Me More - Just Rawer,Aloboi,False,0,0.8948577642440796,Instrumental
5EatdVuQjBK6jPW2tVlawv,"L’Étoile d’Afrique, Pt. 2",VDYCD,False,0,0.8944638967514038,Instrumental
4RTRdh9HzUPLEsqbdS6R9c,The No.3,Khruangbin,False,0,0.8916551470756531,Instrumental
1JAjUCkwz8lgONSpKAarXi,Osono's Request,Joe Hisaishi,False,0,0.8882958292961121,Instrumental
1Iiq3tVtUZF0y8TYRENOHv,BEASTARS,神前 暁,False,0,0.8877796530723572,Instrumental
5pwEi7JwEALrwerqqaLhJj,IDK HOW 2 FIGHT,BaBa,False,0,0.8833909034729004,Instrumental
0pcg2zZQOw0G0ZYbjS6smW,Eucalyptus,MF DOOM,False,0,0.8789182305335999,Instrumental
5wG5pbeTBYzAhlT6iE8Ptg,Blue Eyed Monster,SOIL & “PIMP” SESSIONS,False,0,0.878517746925354,Instrumental
3he14I6fTF4DFp7Ny7SK4P,Wonderwing,Sakuzyo,False,0,0.8738082051277161,Instrumental
3b1bxj9HhFZeqijZpIRqpx,Make a loser - Instrumental,Nanahoshi Orchestra,False,0,0.8687095046043396,Instrumental
0B0ALnQgXlopvDmiGtPOM9,FireLight - (Neokontrol Remix),"Dustvoxx, Laur, Neokontrol",False,0,0.8604950308799744,Instrumental
0iua6kaiZlwKQsQ0CQaLkg,Autumn,Erikson Jayanto,False,0,0.8555381894111633,Instrumental
4s2E1SS8OFeMabT0ACyXfG,Little Rascal (いたずら天使) - 2007 ver.,Toshifumi Hinata,False,0,0.8550035357475281,Instrumental
7MRS1tyvsBwWiOpJtninq7,Fantastic Planet,SOIL & “PIMP” SESSIONS,False,0,0.8528681397438049,Instrumental
3AxQSzHc2vYjqMZLyPyy2H,Largo,"Portraits in Jazz, Nikolaj Hess, Claus Waidtløw",False,0,0.8515673875808716,Instrumental
461AybIn9mn5nwazjDv2yE,海汇千樯 - 刺桐港,"逆水长琴, 逆水寒, Rayforce, Yu-Peng Chen",False,0,0.8429093956947327,Instrumental
4pKbAhYOSohU4ntO6AbszD,SAMBA TEMPERADO 2015,"You & Explosion Band, Yuji Ohno",False,0,0.8415928483009338,Instrumental
0Lc34BkFZtXnoiTyFWFcrR,Sleepy Hollow,Yung Tesla,False,0,0.8366453647613525,Instrumental
1vdO8aMVXs3OqGkwEmjA2f,乙女の祈り,Chihiro Yamanaka,False,0,0.8349220752716064,Instrumental
6iFyqEGGCqaYzuKYWM4JAd,a good man with a broken heart,LoVibe.,False,0,0.8345173597335815,Instrumental
6974s3EIddg6dK8U7ycAMR,READY TO FLY,Masayoshi Takanaka,False,0,0.8305516242980957,Instrumental
6m4HWTYMRSJkaUuvXTaNmE,The Ecstasy of Gold - L'Estasi Dell'oro,"Ennio Morricone, Edda Dell'Orso",False,0,0.8297335505485535,Instrumental
1YQWosTIljIvxAgHWTp7KP,Take Five,The Dave Brubeck Quartet,False,0,0.825388491153717,Instrumental
7ubd6wvhN4TKMwQUy6hR69,Ladyfingers,Herb Alpert & The Tijuana Brass,False,0,0.8251942992210388,Instrumental
6AhwAWzSlISc5ZvGonkgdN,Playing God,Polyphia,False,0,0.8247793316841125,Instrumental
48ZzA4lzM3fm8ojbsFhDFL,Wind Machine,Buddy Rich,False,0,0.8228340148925781,Instrumental
5o0PTlSUeYaIIPzwi18qfi,Amazon,Gábor Szabó,False,0,0.822634220123291,Instrumental
7tlTtdjydCY2s0nptbcoUl,a bird's last look,skywave,False,0,0.8193007707595825,Instrumental
0ohoTyPnYOSxPmrGOVGdkK,Clavar La Espada (Bleach),Animelmack,False,0,0.8143394589424133,Instrumental
1V6LTbys0x0b3p5eos1dwz,"Cafe SQ: Romancing SaGa 2 ""The Ultimate Confrontation""",sasakure.UK,False,0,0.8137736320495605,Instrumental
1neintdjlABjVTPGUIN6Gl,chess (slowed),joyful,False,0,0.8107202053070068,Instrumental
0fz1YnF9wVlILhFf7xtANj,Mstny,El Waili,False,0,0.8056235909461975,Instrumental
6IAc8O7MiS2lJiTabpjC7S,Chick's Pain,Mathieu Fiset,False,0,0.7792520523071289,Instrumental
4mCHxzJje1T0XDFU6SXze6,New World - Just Raw,Aloboi,False,0,0.7782405614852905,Instrumental
3lvW1b2fHApDTty1X4cNfc,Kumo No Kireme,"Kobaryo, 紅燐。",False,0,0.7711157202720642,Instrumental
3mzR0tYDkY5tHaQpWuOAJf,Unmask Me - Ashley Beedle Vocal Mix,"MAMA, Ashley Beedle",False,0,0.7645337581634521,Instrumental
7itt4owVS6YYlvlCocceuJ,L'Étoile D'afrique - #18,VDYCD,False,0,0.760369062423706,Instrumental
1VSQ0KbNTzJvumUk1ubKAY,Solfeggietto,Luca Sestak,False,0,0.7600537538528442,Instrumental
06AePvRmuu6vwuToKNcSDH,HOUSE IS NOT A HOME FUNK,DJ972,False,0,0.7527101635932922,Instrumental
2TL2nJWr5uqfAu0YiuG1jU,First Nassau Band Rehearsal / Second Nassau Band Rehearsal / Studio Band Eavesdrop / Studio Band Rehearsal After Breakup,Tim Simonec,False,0,0.7432438731193542,Instrumental
2NNFLZB9ApstXjvOvfrJYZ,BLUE CURACAO,Sadistics,False,0,0.7389194369316101,Instrumental
49dRXhDWFtG2Et5IxT0lxn,House Is Not a Home,the Blue Devils,False,0,0.727616548538208,Instrumental
2ZvoJAUFQk81rx9sVZTyfJ,Blue Dragon,Seiryu,False,0,0.721254289150238,Instrumental
6hoGuPbmWRl5uw6DD1Nbbq,Bygone Days,Joe Hisaishi,False,0,0.7169086933135986,Instrumental
1R8DL1a9aFYdOzhv6sYjV1,81Summer,Uyama Hiroto,False,0,0.6962171792984009,Instrumental
4zTyNTr7z2gaW4uTxSI3Az,Subiendo De Nivel,Javier Olguin,False,0,0.6896432042121887,Instrumental
4JNw4ojodpLnUPlts2PDRJ,Aphasia,Team Grimoire,False,0,0.6846888661384583,Instrumental
3xALx0jUjBQS7NyOm9vKJa,Jack-the-Ripper,sasakure.UK,False,0,0.6840119957923889,Instrumental
4VgQDGeib4KMN3iXr410Sr,Ascension to Heaven,XI,False,0,0.672437846660614,Instrumental
5jt6yJ8rqr8KyjfTWHnnXv,Paraiso,SOIL & “PIMP” SESSIONS,False,0,0.6561025381088257,Instrumental
4ZXISN1tznbeQJa4GvRjDp,frog,joyful,False,0,0.6522238254547119,Instrumental
6O1Wq633TG4EGDPbVZW7YU,Hunting Wabbits,Gordon Goodwin's Big Phat Band,False,0,0.6354336738586426,Instrumental
2MhUg990nGzCwEmCmHKkLS,SPYRO SKANK,Zeñel,False,0,0.6335921287536621,Instrumental
5IAyLzg9315s5lI2rVBXg4,Ölüler Konuşamaz (Remastered) - Instrumental,Farazi,False,0,0.6330492496490479,Instrumental
7kBYPyaxF3oE9EgjOMpGKs,Reach Out,MALUGI,False,0,0.616209089756012,Instrumental
6Egq955Md48VYrXALWqdXq,Ultramarine,Seiryu,False,0,0.6019731163978577,Instrumental
1KMbVJt65NT2wizDeXkghB,Cash Flow - Blazy Mix,Hydraa,False,0,0.600738525390625,Instrumental
7k87erYn7TP1TDjrsOjHOl,Les Trompettes D'afrique,VDYCD,False,0,0.5893430709838867,Instrumental
1ttoWdHS8ji4uPRopYmQfD,Que Bonita,The Hornheads,False,0,0.5856985449790955,Instrumental
0JL9TZip7mL7iwC5EOkALS,Lady Brown (feat. Cise Starr from CYNE),"Nujabes, Cise Starr",False,0,0.5840709209442139,Instrumental
7cdOerBPLD5AZCbFR0ITTH,Senadere,Asnaké Gèbrèyès,False,0,0.5811430215835571,Instrumental
7hSDm0SJs5KIBkTGeJCdox,Papi Julio,"VDYCD, фрози",False,0,0.5608874559402466,Instrumental
2WSmSWfDSHB9V5sect9jNu,airplane mode - deep,Limbo,False,0,0.5553714036941528,Instrumental
1SkDV4UKLmk00IQkyR7KEa,Critical Crystal - Bd Mix,Seiryu,False,0,0.5513371229171753,Instrumental
2Fia8gN8MemeptQpJAA33d,Trofeo de Bolos,Alfred Jazz Ensemble,False,0,0.5474385619163513,Instrumental
7BH1EJa5hSmXzW5ckwFlSB,The Movement,"4th Sign, Joss Moog, Around7",False,0,0.5463317036628723,Instrumental
03EdQABuvf0suFxxbqdYBl,Shock The World - Melody Version - Inspired By House Is Not A Home,That Boy Franco,False,0,0.5368725657463074,Instrumental
0w5AaGy2gN8LFDXcUno3DA,put ya hands in the air,"KTmelodies, dBona",False,0,0.5363048315048218,Instrumental
5DT4iPKqwdJT9Iw7DPZera,Paradigm Shift - Extended Mix,Morimori Atsushi,False,0,0.532156229019165,Instrumental
2ej1A2Ze6P2EOW7KfIosZR,Feather (feat. Cise Starr & Akin from CYNE),"Nujabes, Cise Starr & Akin from CYNE",False,0,0.5228596925735474,Instrumental
2GwsSbo6IbNDVvcm9rtmal,Say What,"Rampa, Adam Port, &ME, chuala, Keinemusik",False,0,0.5217307209968567,Instrumental
0eeKpk7CmTE7arHwB4WVS7,denial,"ptasinski, RJ Pasin",False,0,0.5192418694496155,Instrumental
7J6HtaeEj2ZfhHp9AqVYsF,إيميلي,طارق العربي طرقان,False,0,0.505466103553772,Instrumental
6lfyFr34tYi88vOuaX4mz8,Paved Garden,"t+pazolite, ginkiha, Hommarju",False,0,0.5048839449882507,Instrumental
7xyvWSVkxaoLdSuEdgdhBe,Ego Death (feat. Steve Vai),"Polyphia, Steve Vai",False,0,0.49942389130592346,Vocal (lyrics missing)
0QnBDrvarnmVOJtaTudWxg,Algo Bien,Javier Olguin,False,0,0.4918184280395508,Vocal (lyrics missing)
5uhMjQlGtZtox0ArFuMlCB,First Kiss,Strawberry Girls,False,0,0.4821205139160156,Vocal (lyrics missing)
5klumMHx6ivAZfVPYzlJOF,DEMONS TAKING OVER ME,"GREEN ORXNGE, deadsouls",False,0,0.4796525239944458,Vocal (lyrics missing)
0QZ553zcaxCqGe5yRRSDoc,スパルタカス ～愛のテーマ,akiko,False,0,0.4762845039367676,Vocal (lyrics missing)
4GyDVAp6fcfaQxjswUIjg5,L'Art Du Savoir,VDYCD,False,0,0.46898651123046875,Vocal (lyrics missing)
3XvJ92fsRBP9BAB9WdpmII,TROPSKI BAR,Igor Lazic Niggor,False,0,0.46556785702705383,Vocal (lyrics missing)
45TIOhrMF6606SytmBz3pV,上にいきたくないデパート,Calmera,False,0,0.45597878098487854,Vocal (lyrics missing)
72YqoGVJq1g1V9xlBImQFl,seashore on the moon,Nanahira,False,0,0.451904833316803,Vocal (lyrics missing)
5w4B5QmQrxUHVAzXEni4Fz,Спортивные очки (Remastered),Buerak,False,0,0.4497630000114441,Vocal (lyrics missing)
7s195d7fCSpbn7uNndfDFb,Feel Like Making Love,Ana Mazzotti,False,0,0.4482978880405426,Vocal (lyrics missing)
22LHIaxcDvOuBkKcKTM226,The Phoenix,Lindsey Stirling,False,0,0.4383081793785095,Vocal (lyrics missing)
7bMXbWMInL5jfBHfMSYb9N,Voy por todo (Corrido preview),Javi Olg,False,0,0.4378100633621216,Vocal (lyrics missing)
5XvzmPFcVRlfdlCw3KK2Jb,Bent Sultan,"Eljoee, CHAAMA",False,0,0.43606194853782654,Vocal (lyrics missing)
0Z9UkcT1pnrmLciUJPcMMS,Gold - 2003 Remaster,Spandau Ballet,False,0,0.4201498031616211,Vocal (lyrics missing)
1rGj0o77vbS4rCTqqtGZoH,Inferno,Polyphia,False,0,0.4106607139110565,Vocal (lyrics missing)
6EXi0RWDxqvxDEHFbqR7XB,Anadrol,Yosuf,False,0,0.395526260137558,Vocal (lyrics missing)
6HrRFCbSJbwJ1b63UJe0rR,CYCLE HIT,KASAI HARCORES,False,0,0.39004579186439514,Vocal (lyrics missing)
5EgethxS16eiTYwXqkgYV0,Bisaraha,Ziad Rahbani,False,0,0.38501304388046265,Vocal (lyrics missing)
5AKrqJ7RiOCfCaaCuxxGk0,Preciso Me Encontrar,Cartola,False,0,0.37806665897369385,Vocal (lyrics missing)
5baMza4SVvKnP0xCHMFhdr,Trap Divinity (VHM4D),pakk.,False,0,0.36113399267196655,Vocal (lyrics missing)
31hZx9bLKwl4CjHmnydINW,Can U Be,BATÉGA,False,0,0.35853490233421326,Vocal (lyrics missing)
51Rs7xpi3HxrqvN1bI0i5w,The Stellar Ray Theory,Mach-Hommy,False,0,0.349974125623703,Vocal (lyrics missing)
6BgA8lqJM5WcCANPhzbMUA,Muevelou (Pocoyo Song),Vic,False,0,0.3419644236564636,Vocal (lyrics missing)
3T2LUDcZRrOnYzV1FprZTy,Crosshairs,"DANGERDOOM, MF DOOM, Danger Mouse",False,0,0.34037455916404724,Vocal (lyrics missing)
1db0gbTSKdRQum8VlbNkiO,Say Say Say - Remastered 2015,"Paul McCartney, Michael Jackson",False,0,0.3350600302219391,Vocal (lyrics missing)
5AVUsyKKPhYJItIVeEqw2E,Ending Song - The Promise of the World - Merry-Go-Round of Life,Chieko Baisho,False,0,0.33190450072288513,Vocal (lyrics missing)
1y3uo51Ni0dQIDJ9N3quTb,Gold - 2022 Remix,"Spandau Ballet, Tony Swain",False,0,0.3214380443096161,Vocal (lyrics missing)
18yPitk2zHP1K6pBydRVMj,دراغون بول,طارق العربي طرقان,False,0,0.308623731136322,Vocal (lyrics missing)
5rT96wWLRqu91SQf2Z9C4s,celestial warrior,"ptasinski, RJ Pasin",False,0,0.3064315915107727,Vocal (lyrics missing)
7qvDmYmPjrIosceqmSriCa,life force,"ptasinski, RJ Pasin",False,0,0.3051665723323822,Vocal (lyrics missing)
4M5mQyBbyPJFZgc72yq78z,pack up ya bags,KTmelodies,False,0,0.30458199977874756,Vocal (lyrics missing)
1gXH8hT9dxsBqbRy7h2iC8,F*ck Your Ethnicity,Kendrick Lamar,False,0,0.2944020926952362,Vocal (lyrics missing)
0NB5ap5SIXMijPugtxmO4i,PASSO VOLTAJE (SLOWED),M3rih,False,0,0.29413706064224243,Vocal (lyrics missing)
56YnI9eGM6vYXBsCAt7CNE,Me & U,siqlo,False,0,0.28625932335853577,Vocal (lyrics missing)
4xn4zu4oFFoWTOfBXkipED,Withdrawn,"Nitsua, Substantial",False,0,0.2782374620437622,Vocal (lyrics missing)
3kDI88I43Dfz3zmhu5PwXJ,Not Responsible,"LIL CBN, Amon",False,0,0.27779480814933777,Vocal (lyrics missing)
2EnNyc9I1D5ZslhMVPfFAk,HEADS WILL ROLL (PR FUNK),"xlout, Pxlish Beatz",False,0,0.2693203091621399,Vocal (lyrics missing)
3EJX92YQikjQ67VnPszDVh,Africa,Slimenese,False,0,0.26670730113983154,Vocal (lyrics missing)
5nSC9CLs5LQLBbXlh9DDKe,Samurai (feat. Katy Tiz) - Spirix Remix,"Vanic, Katy Tiz, Spirix",False,0,0.2570924162864685,Vocal (lyrics missing)
6LyAwkJsHlW7RQ8S1cYAtM,Overdue (with Travis Scott),"Metro Boomin, Travis Scott",False,0,0.25582414865493774,Vocal (lyrics missing)
2GYHyAoLWpkxLVa4oYTVko,Alors on danse - Radio Edit,Stromae,False,0,0.23957695066928864,Vocal (lyrics missing)
3cwBrp9XRLOcwhuhpzAqA0,waltz (Bonus track),JANNABI,False,0,0.23725298047065735,Vocal (lyrics missing)
7HWFWvbAYrjpgve6U7z5ft,service,"ptasinski, RJ Pasin",False,0,0.22258637845516205,Vocal (lyrics missing)
0yMEY3dOIIrE3RMx1DTHVp,ريمي,طارق العربي طرقان,False,0,0.22117209434509277,Vocal (lyrics missing)
416MsJxvxSKY96DCmbJIRs,"The Hanging Tree - From ""The Hunger Games: Mockingjay"" Soundtraclk","James Newton Howard, Jennifer Lawrence",False,0,0.21587306261062622,Vocal (lyrics missing)
1YeaM0uY1W2cbmT8SPZQrU,Filhos De Zambi,Trio Ternura,False,0,0.21497929096221924,Vocal (lyrics missing)
7hgWNMiriaUoKgT0TyjDiM,Abdelkader ya boualem,Squad vibes,False,0,0.21209031343460083,Vocal (lyrics missing)
7dFGkZbmm6cVlI28bfMaWE,Righteous Minds,Joey Bada$$,False,0,0.20744149386882782,Vocal (lyrics missing)
5RmPFKZcsV6bciHOQR3jli,Paper Soldier,d3puu,False,0,0.20587247610092163,Vocal (lyrics missing)
1wR9S5YnePrWq37LQlqkr7,Ballads (with Conway The Machine),"JID, Conway the Machine",False,0,0.20315119624137878,Vocal (lyrics missing)
3fl7lfFgFLsDPWVLpIdFsy,Vũ Điệu Gió,Ngọc Mai,False,0,0.20079797506332397,Vocal (lyrics missing)
1I6way4zg9vYNcR3VHkMSO,warm welcome,"ptasinski, RJ Pasin",False,0,0.19265513122081757,Vocal (lyrics missing)
3Fe5Lp0QScw22iSciwoLML,listeria,"ptasinski, RJ Pasin",False,0,0.1903386414051056,Vocal (lyrics missing)
06mDs0pV4VSsu93uS8NLIq,K-Word (with Pastor Troy),"JID, Pastor Troy",False,0,0.18793730437755585,Vocal (lyrics missing)
0FakQLpj9YPv1hE5lXmBsc,いかれた夜を,Soushi Sakiyama,False,0,0.183670774102211,Vocal (lyrics missing)
7KVT3NYXWguwJ0zzup1q1S,Underdog (From F1® The Movie),"Roddy Ricch, F1 The Album",False,0,0.1815240979194641,Vocal (lyrics missing)
6ASx0pZGwdSrgsYSkqK0Yn,This Is It,Ben Reborn,False,0,0.17738477885723114,Vocal (lyrics missing)
1mvDFqbbmgmMmU6U4dIq5m,Forbidden Fruit (feat. Kendrick Lamar),"J. Cole, Kendrick Lamar",False,0,0.17510604858398438,Vocal (lyrics missing)
1W4qc7UnAuRmT93W8Ad1t1,World Domination,Joey Bada$$,False,0,0.17447429895401,Vocal (lyrics missing)
5LME7YULt0enp6UAB8VoDn,Under Pressure,Logic,False,0,0.17225392162799835,Vocal (lyrics missing)
5Mkbqot9JUaN5XhRgqITME,Adonis Interlude (The Montage) (with J. Cole),"Dreamville, J. Cole",False,0,0.1677035391330719,Vocal (lyrics missing)
5KgbyD2lQQlIupAaPjgiXg,"Night Fever - From ""Saturday Night Fever"" Soundtrack",Bee Gees,False,0,0.1672557294368744,Vocal (lyrics missing)
6KBWKi6IvMo6UE8mEg1pjU,Better Off Alone (Hardstyle),Tsenay,False,0,0.16349168121814728,Vocal (lyrics missing)
2bMXwZygmS7rYkj7fqwgyK,夜に駆ける - 初音ミク Ver.,Ayase,False,0,0.16292989253997803,Vocal (lyrics missing)
2vJQTN1Hw2aMwcAp38FKqY,Burn up! HARCORES,KASAI HARCORES,False,0,0.1615341454744339,Vocal (lyrics missing)
0cLUVjdaZAdouPRhXMTC1h,Gohotekitobikatanosusume,Creepy Nuts,False,0,0.15751445293426514,Vocal (lyrics missing)
57rt6Jj7woE21ae3Ml2vw8,She,JANNABI,False,0,0.1535603404045105,Vocal (lyrics missing)
2eoQQT1nInKmgwdBXtngwe,Confidence (Hoodtrap RMX),Unjaps,False,0,0.1525959074497223,Vocal (lyrics missing)
10YPCuYZFhYYwcfEqusfBL,Pink Electric Shoes,Parov Stelar,False,0,0.15248261392116547,Vocal (lyrics missing)
6Bxy3KpK4ygO2X9QAiOQ3W,ꞌCosmicꞌ.m4a,"Denzel Curry, Kenny Beats",False,0,0.14477285742759705,Vocal (lyrics missing)
2gtBcLNjFMi8l5xSz66Fsb,Cold Green Eyes - Original Mix,"Station Earth, Roos Denayer",False,0,0.14465174078941345,Vocal (lyrics missing)
2Ry3Dh3961tMDiEztJF2vg,Fake.Fake.Fake,AZKi,False,0,0.14015115797519684,Vocal (lyrics missing)
3jj5c4DGogPb9xglsxl4BI,Roman Candles (feat. Roc Marciano & Black Thought),"The Alchemist, Roc Marciano, Black Thought",False,0,0.13837821781635284,Vocal (lyrics missing)
3x4378ztiLvFmm2nuzEI0C,The Cruel Angel's Thesis (Director's Edit Version),高橋　洋子,False,0,0.13747544586658478,Vocal (lyrics missing)
3sEqwf47KfchaSkotA91Es,Mad as F*ck,Cordae,False,0,0.13521906733512878,Vocal (lyrics missing)
4dTzcw2ajjxSde0XFMoxXE,Deixar,"Pedro Mizutani, Skinshape",False,0,0.13462696969509125,Vocal (lyrics missing)
4Q8AHj7l18LP1g7dX7rdOT,tous les mêmes - sped up,"90degrees, Pacey",False,0,0.1313764601945877,Vocal (lyrics missing)
1sviDBcAqVOxMXq4xITVEs,Que Calor (with J Balvin & El Alfa),"Major Lazer, J Balvin, El Alfa, Diplo",False,0,0.12466040253639221,Vocal (lyrics missing)
0NMC6aezcf1GItgscoiQCO,JPEGULTRA! (feat. Denzel Curry),"JPEGMAFIA, Denzel Curry",False,0,0.1209704801440239,Vocal (lyrics missing)
1LR9rQCGhM0MqESvRQ9EFX,Something Wrong (with Don Toliver),"DJ Snake, Don Toliver",False,0,0.12061449140310287,Vocal (lyrics missing)
4RXIqq6AWKGQIEXd9il5mB,BROKEN ROAD,"DONDA, Kanye West, Ye",False,0,0.11983143538236618,Vocal (lyrics missing)
3AHqaOkEFKZ6zEHdiplIv7,Tokyo Drifting (with Denzel Curry),"Glass Animals, Denzel Curry",False,0,0.11863922327756882,Vocal (lyrics missing)
7rhawho5h7gRWmldDc2f3t,nights',Destin Laurel,False,0,0.11784560978412628,Vocal (lyrics missing)
0iV249pmrKatl4dJdRxOwz,Don't Forget 'Em (Remix) [feat. Kanye West],"Consequence, Kanye West",False,0,0.1147693544626236,Vocal (lyrics missing)
5KMbEmEJBNlbEWJAt2dgbf,7ASAD - Live In Berlin,"Shabjdeed, Al Nather",False,0,0.11265771836042404,Vocal (lyrics missing)
378iszndTZAR4dH8kwsLC6,Cheap Thrills (feat. Sean Paul),"Sia, Sean Paul",False,0,0.11151043325662613,Vocal (lyrics missing)
4Q5pexmlL8xZxWBWiieBo1,Let The Spirit Go Wild,Kenya Bee,False,0,0.11030203849077225,Vocal (lyrics missing)
1gHSWgIc9IVEu96Xt3KrL6,Truancy,4KPHIL.,False,0,0.10964859277009964,Vocal (lyrics missing)
4QNpBfC0zvjKqPJcyqBy9W,Give Me Everything (feat. Nayer),"Pitbull, AFROJACK, Ne-Yo, Nayer",False,0,0.10963336378335953,Vocal (lyrics missing)
2PUKF7oK4yIONZfu5XQ14t,Love Game - Slowed,Bread Beatz,False,0,0.10820341110229492,Vocal (lyrics missing)
5bu1Sbx3E2nNHzQUYXeAAj,LOUIE BAGS,"DONDA, Kanye West, Ye",False,0,0.10812166333198547,Vocal (lyrics missing)
156LzfvMNKuXuiot4uzhGD,No Complaints (feat. Offset & Drake) (Bonus),"Metro Boomin, Offset, Drake",False,0,0.10783270746469498,Vocal (lyrics missing)
08b9YG42AnVIh70EwEeLpX,3arabawy,Tommyy,False,0,0.10752496123313904,Vocal (lyrics missing)
2SAqBLGA283SUiwJ3xOUVI,Laugh Now Cry Later (feat. Lil Durk),"Drake, Lil Durk",False,0,0.10391729325056076,Vocal (lyrics missing)
2yBb1CRq98SSWRuDSn36SZ,Life Of The Party (with André 3000),"Kanye West, André 3000",False,0,0.10298167169094086,Vocal (lyrics missing)
0AluA5RNsa4Cx6XRhf2hWZ,10 Freaky Girls (with 21 Savage),"Metro Boomin, 21 Savage",False,0,0.09704796224832535,Vocal (lyrics missing)
6HfOzLLjsaXsehIFEsrxTk,Trophies,"Young Money, Drake",False,0,0.0956757441163063,Vocal (lyrics missing)
0EdiHOJc7ekcUeHB5hvA0S,Arzaa,Hamid Al Shaeri,False,0,0.09391893446445465,Vocal (lyrics missing)
4v2r3H6YEQIlxS4Z1njwoe,"Trunks (From ""Highest 2 Lowest"")",A$AP Rocky,False,0,0.09355034679174423,Vocal (lyrics missing)
3GVNp2UgIp2TN3ra67cxdg,Mirage (OP Theme to Call of the Night Season 2),Creepy Nuts,False,0,0.09104175865650177,Vocal (lyrics missing)
2dHHgzDwk4BJdRwy9uXhTO,Creepin' (with The Weeknd & 21 Savage),"Metro Boomin, The Weeknd, 21 Savage",False,0,0.08810751140117645,Vocal (lyrics missing)
5mqPg2dyqb1gBNyg9ycGcT,Party And Bullshit,The Notorious B.I.G.,False,0,0.08809857070446014,Vocal (lyrics missing)
1PCvKFPWnTXAe2oaReVUcr,We Are One (Ole Ola) [The Official 2014 FIFA World Cup Song] (feat. Jennifer Lopez & Claudia Leitte),"Pitbull, Jennifer Lopez, Claudia Leitte",False,0,0.08688244968652725,Vocal (lyrics missing)
34KUIBsIUiPV7oCIzSdDAU,Diamonds From Sierra Leone - Remix,"Kanye West, JAY-Z",False,0,0.0843062698841095,Vocal (lyrics missing)
52eIcoLUM25zbQupAZYoFh,redrum,21 Savage,False,0,0.08376780897378922,Vocal (lyrics missing)
0AhFYI98xsHPTqjWXwbrdV,Abo El Anwar X Ahmed Santa X Lil baba - GG | See you at @INSOMNIAEGYPT,"Abo El Anwar, Lil Baba, Ahmed Santa",False,0,0.08309151977300644,Vocal (lyrics missing)
1tz4np70ZKhzaXjdgl0J8i,PAID,"Kanye West, Ty Dolla $ign",False,0,0.0830531194806099,Vocal (lyrics missing)
1mea3bSkSGXuIRvnydlB5b,Viva La Vida,Coldplay,False,0,0.0826168954372406,Vocal (lyrics missing)
1iGXWU4DWz7B9L69jDl8Cz,Woolly,satomoka,False,0,0.0814548209309578,Vocal (lyrics missing)
2GNgirPaN0jnTSUN1ME2ov,Etklmna (feat. KEITA),"Rap Shar3, KEITA",False,0,0.08103061467409134,Vocal (lyrics missing)
4KDNRh9Oor80z3XIxdWlui,Bubbly (with Drake & Travis Scott),"Young Thug, Drake, Travis Scott",False,0,0.08047803491353989,Vocal (lyrics missing)
6Y2GUlCF3EAbJfXvmjPgdD,,,False,0,0.07999154925346375,Vocal (lyrics missing)
0YAQnYt2oB8OdoaeqnHyTI,Tribe (with J. Cole),"Bas, J. Cole",False,0,0.07925175875425339,Vocal (lyrics missing)
2U5c6C6A3yg6rGUpnhwHfc,Fruits Of The Spirit,J A Y E L E C T R O N I C A,False,0,0.07839338481426239,Vocal (lyrics missing)
2Zyk0on2N9vZyHueREwoJC,Hasta Luego - Bonus,JID,False,0,0.07738690078258514,Vocal (lyrics missing)
4oEI1GhYiyp222Ue00f5mh,Y NOT? - Bonus,LUCKI,False,0,0.07689981907606125,Vocal (lyrics missing)
2XDK4hSGPBpxfKHCr9TY7u,Numb,YGTUT,False,0,0.07680488377809525,Vocal (lyrics missing)
181ewh1drrXlAr8MYRiP6J,Silver Lining (with Sauce Walka),"Lil Yachty, Sauce Walka",False,0,0.07198338955640793,Vocal (lyrics missing)
4rNJg07BS23aFaJHUYAUWb,Decisions over Veal Orloff,"The Alchemist, Action Bronson",False,0,0.06784480810165405,Vocal (lyrics missing)
3RcPuhrAyFTvJSKfVdbM5p,Nyash (Current & Savings),"NSG, Giggs",False,0,0.0665774866938591,Vocal (lyrics missing)
2ISSQPb9LHHiV6ng2NXosL,Beautiful Now,"Zedd, Jon Bellion",False,0,0.06624510884284973,Vocal (lyrics missing)
1yLfR67mtJdwqm3YdH7zGZ,Never See Me Again (Ultimate),Tobes,False,0,0.06601505726575851,Vocal (lyrics missing)
3gl9JGqP7oQKqCefBV2xr3,GOOSEBUMPS (Hoodtrap),"missedmybestie, marreley, CRAGII",False,0,0.06292793154716492,Vocal (lyrics missing)
6XEt23sq6sRgER8sSZbCR5,Johnny Dang (with Paul Wall & DRODi),"That Mexican OT, Paul Wall, DRODi",False,0,0.061995621770620346,Vocal (lyrics missing)
4CwI0ZjiMaW3F7B70iE43Y,D's,"FUGAZZIFLO, JAHMED",False,0,0.06073048710823059,Vocal (lyrics missing)
4AEXx1uY2ZY4eofWtej9gL,Barter 7 (Dig Dat),LOS KEMET,False,0,0.057291336357593536,Vocal (lyrics missing)
7xjndO8oFhdxINX7mK5pCb,I Run - Zara House,4dawgs,False,0,0.05623709037899971,Vocal (lyrics missing)
3ABFD8SzXwMbUspLFxbbwK,how you did that (feat. Kodak Black),"Gunna, Kodak Black",False,0,0.054988838732242584,Vocal (lyrics missing)
3CSJDCWrSI2ps00cXr5dbP,ALIVE,"Ye, YoungBoy Never Broke Again",False,0,0.05478879436850548,Vocal (lyrics missing)
51rXHuKN8Loc4sUlKPODgH,"King's Dead (with Kendrick Lamar, Future & James Blake)","Jay Rock, Kendrick Lamar, Future, James Blake",False,0,0.053633008152246475,Vocal (lyrics missing)
73I7cNg9omT6nhXxEWMhXe,WE AIN'T DONE / iNSYNC,Steven Joseph,False,0,0.052933912724256516,Vocal (lyrics missing)
1J0O3RqCeoMcXbayQZDZXL,Half Doin Dope (with BabyTron feat. Lil Yachty),"JID, BabyTron, Lil Yachty",False,0,0.05076374486088753,Vocal (lyrics missing)
62l3NSQPUxvcwwzKUmysrE,Bad Man (Smooth Criminal),Polo G,False,0,0.04967859014868736,Vocal (lyrics missing)
1qLJE8SXesVDtS5KTBIpYu,Will U Be,zon6d,False,0,0.04768886789679527,Vocal (lyrics missing)
3QzAOrNlsabgbMwlZt7TAY,Ballin' (with Roddy Ricch),"Mustard, Roddy Ricch",False,0,0.0467032715678215,Vocal (lyrics missing)
5WnfnSpuNEGXyEt78PBA6d,"Costa Rica (with Bas & JID feat. Guapdad 4000, Reese LAFLARE, Jace, Mez, Smokepurpp, Buddy & Ski Mask The Slump God)","Dreamville, Bas, JID, Guapdad 4000, Reese LAFLARE, Jace, Mez, Smokepurpp, Buddy, Ski Mask The Slump God",False,0,0.04539851099252701,Vocal (lyrics missing)
6f44p3Kc4ayD9VtbC9Clkr,"Come On, Let's Go (with Nigo)","Tyler, The Creator, Nigo",False,0,0.04488268867135048,Vocal (lyrics missing)
3VdooJLOy4tLxKpnn46SMP,CRUSH (with Travis Scott),"Playboi Carti, Travis Scott",False,0,0.04460890591144562,Vocal (lyrics missing)
08EGznCKtrUmPiZ8c7aQjs,the things you say to me,POODEE,False,0,0.043692003935575485,Vocal (lyrics missing)
0JTtEdWbdFmqgHPq7i6DnJ,KEEP THE FLOWERS,"DONDA, Kanye West, Ye",False,0,0.04215380176901817,Vocal (lyrics missing)
1NxZp8uYShqpkxcyaaLUKs,Punch Bowl (with Clipse & Nigo),"Pusha T, Clipse, Nigo",False,0,0.04191816970705986,Vocal (lyrics missing)
4zTSSrtsaVVjT3RZKQ1Gqn,La Mamá de la Mamá,"El Alfa, El Cherry Scom, CJ",False,0,0.041555073112249374,Vocal (lyrics missing)
0lZ4QMio1QUV6an6gaKpt6,FACET!ME,Homixide Gang,False,0,0.04021076112985611,Vocal (lyrics missing)
1UsQe17Ef7tV1ahFqHEFR3,Walk Em Down (Don't Kill Civilians) [with 21 Savage & feat. Mustafa],"Metro Boomin, 21 Savage, Mustafa",False,0,0.040060050785541534,Vocal (lyrics missing)
0GTzZhS8P50p922OEuoNLF,Westbrook (with A$AP Ferg),"JID, A$AP Ferg",False,0,0.03943072631955147,Vocal (lyrics missing)
6NkrcCXGC350Fy6edlqEDQ,Wake The Dead,Kenya Bee,False,0,0.03785138577222824,Vocal (lyrics missing)
3fc6y2t7MsdRXTiyWSjI4s,"O.K. (feat. Tyler, The Creator) - Bonus Track","Mac Miller, Tyler, The Creator",False,0,0.036800678819417953,Vocal (lyrics missing)
4INDiWSKvqSKDEu7mh8HFz,Mo Money Mo Problems (feat. Puff Daddy & Mase) - 2014 Remaster,"The Notorious B.I.G., Mase, Diddy",False,0,0.03258756548166275,Vocal (lyrics missing)
5x8NgG7Ya18m9wafOvvWYk,"Lost and Found Freestyle 2019 (with Tyler, The Creator & Nigo)","A$AP Rocky, Tyler, The Creator, Nigo",False,0,0.03187038004398346,Vocal (lyrics missing)
2bKU9OextA7Ka4Vjz6JZ0v,PANIC ATTACK INTERLUDE! (A CHANGE IN TONE),Isaac Zale,False,0,0.0316181406378746,Vocal (lyrics missing)
3LHSPeAgrwm06GG99GoAZh,CHILD LIKE WHIMSY,Antwon,False,0,0.031446292996406555,Vocal (lyrics missing)
3SsJ17EnPIu1B4GZshqjIS,Feel The Fiyaaaah (with A$AP Rocky & feat. Takeoff),"Metro Boomin, A$AP Rocky, Takeoff",False,0,0.030913062393665314,Vocal (lyrics missing)
43i5ygpxgikDhC8dZPGCG5,Yung Hustla (2K),Aaron May,False,0,0.030161885544657707,Vocal (lyrics missing)
0lXryFB1cmrLYTfZ7vH91y,Backyard (with JID),"TiaCorine, JID",False,0,0.029972249642014503,Vocal (lyrics missing)
4n6NDfYake476trCjJRNl0,1 0 0 . m i l ‘ (with Bas),"J. Cole, Bas",False,0,0.029475929215550423,Vocal (lyrics missing)
0g0qfC3nAaIsfbxS29ksJx,Paint The Town Blue (from the series Arcane League of Legends),"Ashnikko, Arcane, League of Legends",False,0,0.029018444940447807,Vocal (lyrics missing)
0RyA3o15NOLJYtm9NlDu5c,"Frat Rules (feat. A$AP Rocky, Playboi Carti & Big Sean)","A$AP Mob, A$AP Rocky, Playboi Carti, Big Sean",False,0,0.02776249311864376,Vocal (lyrics missing)
5whoHrJ5M6vDg2u82eMgih,BUSS UR HEAD - A COLORS SHOW,JD Cliffe,False,0,0.027660463005304337,Vocal (lyrics missing)
4uBbeKZTXNRRV4bMIcKx45,WW3,Ye,False,0,0.026969365775585175,Vocal (lyrics missing)
5MxKQiMABwE27fzt2v3Z1W,Rover (feat. DTG) - Higher and Faster Remix,"S1mba, DTG, Higher and Faster",False,0,0.02693966217339039,Vocal (lyrics missing)
4SqPtAd2irUOyLoLcOFtkl,I Deserve (w/ NOS.),"Smino, NOS.",False,0,0.022529589012265205,Vocal (lyrics missing)
27NovPIUIRrOZoCHxABJwK,INDUSTRY BABY (feat. Jack Harlow),"Lil Nas X, Jack Harlow",False,0,0.021055327728390694,Vocal (lyrics missing)
3OEjvmEBRrdTYbbrkiXG8a,cocoa (with Don Toliver),"Baby Keem, Don Toliver",False,0,0.020740829408168793,Vocal (lyrics missing)
6I1RblIqmESHyXOSUhvtKc,Brownstones,Rugby Wild,False,0,0.020535225048661232,Vocal (lyrics missing)
3QqOcLtTU8zzlQRJCZzttP,C’est La Vie (with bbno$ & Rich Brian),"Yung Gravy, bbno$, Rich Brian",False,0,0.019004471600055695,Vocal (lyrics missing)
2n9fC0A4ptmWqYeMXEVaok,GOOD CREDIT (with Kendrick Lamar),"Playboi Carti, Kendrick Lamar",False,0,0.018954329192638397,Vocal (lyrics missing)
6qUabsNxudatEFedWGHoDh,"FRANCHISE (feat. Future, Young Thug & M.I.A.) - REMIX","Travis Scott, Future, Young Thug, M.I.A.",False,0,0.01881258934736252,Vocal (lyrics missing)
3LkWdvgrJtFuM0ZoXKPlpH,"LOCK IT UP (feat. Yeat, midwxst & Matt Ox)","Whethan, midwxst, Yeat, Matt OX",False,0,0.01875203289091587,Vocal (lyrics missing)
52uU5uNt9lOstGCc6C7QEJ,"The Good, The Bad, The Ugly (feat. Kanye West) - Explicit Album Version","Consequence, Kanye West",False,0,0.018280191347002983,Vocal (lyrics missing)
10jRejsiAWetKWt0KikD6t,Give Me a Prayer,Dot Alchemist,False,0,0.017659740522503853,Vocal (lyrics missing)
38iBrrbbXyWaSPkmuDNgjZ,The Adventures of Moon Man & Slim Shady (with Eminem),"Kid Cudi, Eminem",False,0,0.01698143780231476,Vocal (lyrics missing)
1BzXvBpIFWJgu0P8P6xmP4,Stick (with JID & J. Cole feat. Kenny Mason & Sheck Wes),"Dreamville, JID, J. Cole, Kenny Mason, Sheck Wes",False,0,0.014394466765224934,Vocal (lyrics missing)
6a0K1tfV8VzYPrPGClZlTT,HELLO,"Kota the Friend, Fivio Foreign, Jae Lou, King Kota",False,0,0.014078997075557709,Vocal (lyrics missing)
5pQZullzXsixizZmBcmXhy,Freedom of Speech (with J. Cole),"Dreamville, J. Cole",False,0,0.013427955098450184,Vocal (lyrics missing)
0d4oYX1oPZope5M2BCk1lf,"Bodies (BNYX® Mix) (feat. JID, Drowning Pool & BNYX®)","Offset, JID, Drowning Pool, BNYX®",False,0,0.012783808633685112,Vocal (lyrics missing)
0uf6BV1zW2a0YvlL0J5Sva,Homecoming (safe and sound),"gabe porter, NJ, manasworld",False,0,0.0121327955275774,Vocal (lyrics missing)
4p55EkzkGnWmLYDiNXc14t,Bands,Comethazine,False,0,0.011635624803602695,Vocal (lyrics missing)
1mAey8kEPmDM2icL56kS9d,4 Da Gang (with Roddy Ricch),"42 Dugg, Roddy Ricch",False,0,0.009867067448794842,Vocal (lyrics missing)
1KyXCd04yHni5pMGFwgzuE,WATERBOYZ (with JID & J. Cole),"EARTHGANG, JID, J. Cole",False,0,0.009763391688466072,Vocal (lyrics missing)
0hXDGoxfMhhqHZ7l1HprJ4,Til My Last Breath - Bonus Track,Nas,False,0,0.008504635654389858,Vocal (lyrics missing)
5vu4rssloLqSKHnQKiNX4x,"Gaithersburg Freestyle - feat. C Dot Castro, Big Lenbo, Fat Trel, & ADÉ","Logic, C Dot Castro, Big Lenbo, Fat Trel, ADÉ",False,0,0.008300330489873886,Vocal (lyrics missing)
6FGrBYBdIAS2asaP54AnZo,Tally (with Denzel Curry),"midwxst, Denzel Curry",False,0,0.00799409206956625,Vocal (lyrics missing)
0c2DtieVbDxUUf1lxpBJLX,That's Tuff!,"Kwajo, Tal Cohen",False,0,0.007534284610301256,Vocal (lyrics missing)
5PXpiAqtsLRlTUlAoeZeYP,STILL IN THE PAINT (with LAZER DIM 700 & Bktherula),"Denzel Curry, LAZER DIM 700, Bktherula",False,0,0.007142812944948673,Vocal (lyrics missing)
3QFInJAm9eyaho5vBzxInN,family ties (with Kendrick Lamar),"Baby Keem, Kendrick Lamar",False,0,0.007034223526716232,Vocal (lyrics missing)
4m3u9rV6KkVemoL5NFqXem,Barry From Simpson (with JID feat. 2 Chainz & Young Nudy),"Dreamville, JID, 2 Chainz, Young Nudy",False,0,0.006356476340442896,Vocal (lyrics missing)
01Oeql41yunzKzHyIfBWmr,SHOTS! (WITH DENZEL CURRY),"JELEEL!, Denzel Curry",False,0,0.00487059960141778,Vocal (lyrics missing)
2gtFMLjQpCTGekMi4oXZxN,Wells Fargo (with JID & EARTHGANG feat. Buddy & Guapdad 4000) - Interlude,"Dreamville, JID, EARTHGANG, Buddy, Guapdad 4000",False,0,0.0041742692701518536,Vocal (lyrics missing)
6B2FtBtIds4rqeLPTW0D76,Outfit (with 21 Savage),"Lil Baby, 21 Savage",False,0,0.00226443144492805,Vocal (lyrics missing)
6HPES4WPeDcsat5shmRxCB,Im right im left (jigglikerob mix),Jigg Like Rob,False,0,0.00027872691862285137,Vocal (lyrics missing)
3GdWfmQBiiJrDUvSZS1bGv,Never Sleep (with Lil Baby feat. Travis Scott),"NAV, Lil Baby, Travis Scott",False,0,0.0001582455588504672,Vocal (lyrics missing)
